id,pattern,platform,api,when,duration_or_spring,perf_note,source
MO01,Ícone reage a toque (bounce discreto),iOS 17+,.symbolEffect(.bounce; value: trigger),Feedback de ação confirmada (favoritar; adicionar),Duração do sistema; disparo único por mudança de value,Animação nativa do SF Symbols; custo baixo,https://developer.apple.com/documentation/symbols/symboleffect.md
MO02,Ícone com estado ativo pulsando,iOS 17+,.symbolEffect(.pulse; isActive:),Gravando; sincronizando; aguardando,Loop do sistema enquanto isActive,Desligar quando a tela sair de foco,https://developer.apple.com/documentation/symbols/symboleffect.md
MO03,Ícone respirando (breathe),iOS 18+,.symbolEffect(.breathe),Estado vivo contínuo e calmo (escutando),Loop lento do sistema,Contínuo: usar só em 1 ícone por tela,https://developer.apple.com/documentation/symbols/symboleffect.md
MO04,Wiggle para chamar atenção,iOS 18+,.symbolEffect(.wiggle; value:),Notificação nova; erro leve em ícone,Disparo único,Não repetir em loop; vira ruído,https://developer.apple.com/documentation/symbols/symboleffect.md
MO05,Rotate em ícone de progresso,iOS 18+,.symbolEffect(.rotate),Atualizando; ventilador; sync,Loop do sistema,Parar ao terminar a tarefa,https://developer.apple.com/documentation/symbols/symboleffect.md
MO06,Variable color para nível ou atividade,iOS 17+,.symbolEffect(.variableColor.iterative),Sinal; volume; carregando por camadas,Loop do sistema,Só em símbolos com camadas variáveis,https://developer.apple.com/documentation/symbols/symboleffect.md
MO07,Desenhar ícone (Draw On) ao concluir,iOS 26+,.symbolEffect(.drawOn; isActive:) + .byLayer/.wholeSymbol/.individually,Check de conclusão; assinatura; onboarding,options: .speed(2.0) ou .nonRepeating,Requer símbolo com draw data (SF Symbols 7),https://developer.apple.com/documentation/symbols/drawonsymboleffect.md
MO08,Esconder ícone desenhando ao contrário,iOS 26+,.symbolEffect(.drawOff; isActive:),Remover estado (desmarcar),Padrão por camada,Mesmo custo do drawOn,https://www.createwithswift.com/implementing-draw-animations-for-sf-symbols-in-swiftui/
MO09,Troca de ícone com Magic Replace,iOS 17+,.contentTransition(.symbolEffect(.replace)),Play/pause; mute; toggle em tab,Duração do sistema,Preferir a crossfade manual,https://developer.apple.com/documentation/swiftui/contenttransition/symboleffect(_:options:).md
MO10,Gradiente no símbolo,iOS 26+,.symbolColorRenderingMode(.gradient),Ícone de destaque sem asset extra,Estático,Sem custo de animação,https://wwdcnotes.com/documentation/wwdc25-337-whats-new-in-sf-symbols-7/
MO11,Sequência de fases por gatilho,iOS 17+,phaseAnimator(_:trigger:content:animation:),Like com escala 1->1.2->1; celebração curta,animation por fase; ex .spring(duration: 0.3; bounce: 0.2),Fases simples; evitar layout,https://developer.apple.com/documentation/swiftui/view/phaseanimator(_:trigger:content:animation:).md
MO12,Keyframes multi-propriedade,iOS 17+,keyframeAnimator(initialValue:repeating:content:keyframes:),Shake de erro; pulo de mascote,Total 300-600ms por ciclo,Doc: content roda a cada frame; nada caro ali,https://developer.apple.com/documentation/swiftui/view/keyframeanimator(initialvalue:repeating:content:keyframes:).md
MO13,Elemento compartilhado entre estados,iOS 14+,matchedGeometryEffect(id:in:),Chip vira card; indicador de aba deslizando,.spring(duration: 0.35-0.5; bounce: 0-0.2),Exatamente 1 source por grupo,https://developer.apple.com/documentation/swiftui/view/matchedgeometryeffect(id:in:properties:anchor:issource:).md
MO14,Zoom de navegação (card -> detalhe),iOS 18+,.navigationTransition(.zoom(sourceID:in:)) + .matchedTransitionSource,Abrir item de grid/lista,Transição do sistema; interativa no gesto de voltar,Nativo; zero custo extra,https://developer.apple.com/documentation/swiftui/view/navigationtransition(_:).md
MO15,Itens reagem ao scroll,iOS 17+,.scrollTransition(.interactive) { content; phase in },Cards ganham opacidade/escala ao entrar na tela,Atrelado ao scroll (sem duração),Closure retorna VisualEffect (sem layout),https://developer.apple.com/documentation/swiftui/view/scrolltransition(_:axis:transition:).md
MO16,Efeito por geometria,iOS 17+,.visualEffect { content; proxy in },Parallax leve; offset pela posição,Atrelado à geometria,Só efeitos visuais; não muda layout,https://developer.apple.com/documentation/swiftui/view/visualeffect(_:).md
MO17,Fundo MeshGradient vivo,iOS 18+,MeshGradient(width:height:points:colors:) + TimelineView,Fundo atrás de ícone ou hero,Loop lento 6-10s com amplitude pequena,Pausar fora da tela; versão estática com Reduce Motion,https://developer.apple.com/documentation/swiftui/meshgradient.md
MO18,Haptic ligado a estado,iOS 17+,.sensoryFeedback(.selection; trigger:),Troca de aba; picker; sucesso,Instantâneo,Usar com parcimônia; não em scroll contínuo,https://developer.apple.com/documentation/swiftui/view/sensoryfeedback(_:trigger:).md
MO19,Liquid Glass morph entre botões,iOS 26+,GlassEffectContainer(spacing:) + .glassEffect() + .glassEffectID(_:in:),Toolbar que expande/colapsa; FAB vira menu,withAnimation (spring padrão),Container renderiza os vidros juntos e melhora performance,https://developer.apple.com/documentation/swiftui/glasseffectcontainer.md
MO20,Spring perceptual padrão Apple,iOS 13+,Animation.spring(duration:bounce:),Default para quase tudo interativo,Padrão duration 0.5 e bounce 0; UI 0.3-0.5 com bounce 0-0.2,Springs preservam velocidade ao interromper,https://developer.apple.com/documentation/swiftui/animation/spring(duration:bounce:blendduration:).md
MO21,Reduce Motion no SwiftUI,iOS 13+,@Environment(\.accessibilityReduceMotion),Trocar movimento grande por fade,Fade 150-200ms,Doc: evitar animações grandes e 3D quando true,https://developer.apple.com/documentation/swiftui/environmentvalues/accessibilityreducemotion.md
MO22,Ícone de app em camadas Liquid Glass,iOS 26+,Icon Composer (.icon),Ícone do app com profundidade e modos Default/Dark/Mono,Estático (sistema aplica specular),Sem custo em runtime do app,https://developer.apple.com/icon-composer/
MO23,Esquema de motion expressivo,Android Compose M3,MaterialExpressiveTheme(motionScheme = MotionScheme.expressive()),Hero e componentes de destaque,Spatial: fast/default/slow; effects: fast/default/slow,Usar effects (sem bounce) para cor/alpha,https://composables.com/docs/androidx.compose.material3/material3/interfaces/MotionScheme
MO24,Tokens de spring Material,Android,motionSpring*Spatial/Effects,Base para springs fora do M3,DefaultSpatial damping 0.9 stiffness 700; FastSpatial 0.9/1400; SlowSpatial 0.9/300; Effects damping 1,Effects sem overshoot para cor/alpha,https://raw.githubusercontent.com/material-components/material-components-android/master/docs/theming/Motion.md
MO25,Tokens de duração Material,Android,motionDurationShort1..ExtraLong4,Quando não usar spring,Short 50-200ms; Medium 250-400ms; Long 450-600ms,Easing emphasized decelerate 0.05/0.7/0.1/1,https://raw.githubusercontent.com/material-components/material-components-android/master/docs/theming/Motion.md
MO26,Troca de conteúdo animada,Android Compose,AnimatedContent(targetState; transitionSpec),Loading -> conteúdo -> erro; contador,fadeIn togetherWith fadeOut 150-300ms,Crossfade se só precisa de fade,https://developer.android.com/develop/ui/compose/animation/quick-guide
MO27,Card que expande suave,Android Compose,Modifier.animateContentSize(),Ler mais; accordion,Spring padrão do Compose,Colocar antes dos modifiers de tamanho; anima layout (evitar em listas longas),https://developer.android.com/develop/ui/compose/animation/quick-guide
MO28,Animar no draw phase,Android Compose,Modifier.graphicsLayer { alpha = anim.value },Qualquer alpha/escala/translação,—,Lambda pula recomposição; essencial em Android fraco,https://developer.android.com/develop/ui/compose/animation/quick-guide
MO29,Shared element entre telas,Android Compose,SharedTransitionLayout + Modifier.sharedElement(rememberSharedContentState(key)),Lista -> detalhe com imagem hero,Spring padrão,Size modifiers depois do sharedElement; shape não anima sozinho,https://developer.android.com/develop/ui/compose/animation/shared-elements
MO30,Predictive back com preview,Android 13+,PredictiveBackHandler { progress: Flow<BackEventCompat> },Sheet ou tela que encolhe ao arrastar voltar,Atrelado ao progresso do gesto,Habilitado por padrão; callbacks antigos desligam a animação,https://developer.android.com/guide/navigation/custom-back/predictive-back-gesture
MO31,Morph de forma,Android Compose,Morph(start; end).toPath(progress).asComposePath() (graphics-shapes),Botão que vira outra forma; loading expressivo,tween 300-500ms ou spring spatial,Desenhar em drawWithCache,https://developer.android.com/develop/ui/compose/graphics/draw/shapes
MO32,Ícone vetorial animado,Android Compose,AnimatedImageVector.animatedVectorResource + rememberAnimatedVectorPainter(image; atEnd),Ícone de tab que se transforma ao selecionar,Duração definida no AVD (200-400ms),API marcada experimental na doc,https://developer.android.com/develop/ui/compose/animation/vectors
MO33,Gradiente animado por shader,Android 13+ Compose,ShaderBrush(RuntimeShader) em drawWithCache,Fundo vivo atrás de ícone,Loop lento 6-10s,AGSL só API 33+; fallback estático abaixo,https://developer.android.com/develop/ui/compose/graphics/draw/brush
MO34,Haptic nítido no Android,Android,view.performHapticFeedback(HapticFeedbackConstants.CONFIRM),Confirmar; toggle; tick de segmento,10-20ms (sistema),Em aparelho com atuador fraco prefira nenhum haptic a um buzzy,https://developer.android.com/develop/ui/views/haptics/haptics-principles
MO35,Keyframes CSS no RN,React Native Reanimated 4,style animationName {from;to} + animationDuration + animationIterationCount,Pulse; shimmer; loop decorativo,ex animationDuration '1s' ease-in-out alternate,Animar só transform/opacity,https://docs.swmansion.com/react-native-reanimated/docs/css-animations/overview
MO36,Transição CSS de estilo,React Native Reanimated 4,transitionProperty ['width';'backgroundColor'] + transitionDuration,Mudança A->B de estado (chip selecionado),150-300ms,Props de layout são discretas ou caras; preferir transform,https://docs.swmansion.com/react-native-reanimated/docs/css-transitions/overview
MO37,Entrada e saída de itens,React Native Reanimated 4,entering={FadeInDown.duration(250)} exiting={FadeOut},Item novo em lista; toast,Padrão 300ms (Bounce 600ms); stagger 30-80ms,Respeita ReduceMotion.System por padrão,https://docs.swmansion.com/react-native-reanimated/docs/layout-animations/entering-exiting-animations
MO38,Reflow suave de layout,React Native Reanimated 4,layout={LinearTransition.springify()},Remover item e vizinhos se reacomodam,LinearTransition padrão 300ms,Até ~100 componentes animados em Android fraco,https://docs.swmansion.com/react-native-reanimated/docs/layout-animations/layout-transitions
MO39,Shared element no RN,React Native Reanimated 4,sharedTransitionTag (feature flag),Só protótipo: lista -> detalhe,SharedTransition.duration(550).springify(),Experimental; só native stack; não usar em produção,https://docs.swmansion.com/react-native-reanimated/docs/shared-element-transitions/overview
MO40,Bottom sheet com rubber band,React Native Gesture Handler 3,usePanGesture({ onUpdate; onDeactivate }) + shared value,Sheet arrastável que resiste além do limite,Soltar com withSpring; dispensar com velocidade > ~0.11 px/ms,Gesto e animação na UI thread,https://docs.swmansion.com/react-native-gesture-handler/docs/guides/upgrading-to-3/
MO41,SF Symbol animado no RN,Expo (iOS),SymbolView animationSpec={{ effect: { type: 'bounce' }; repeating }},Ícone de aba ou botão,speed (s) e repeatCount,Só iOS; módulo beta; sem drawOn documentado,https://docs.expo.dev/versions/v57.0.0/sdk/symbols/
MO42,Tab bar nativa,Expo Router,NativeTabs + NativeTabs.Trigger.Icon sf= md=,Tab bar com Liquid Glass no iOS 26 e Material no Android,Animação do sistema,Doc não cita animação de ícone na seleção,https://docs.expo.dev/router/advanced/native-tabs/
MO43,Gradiente animado com Skia,RN Skia,LinearGradient colors via useDerivedValue + interpolateColors; useClock,Fundo lento atrás do ícone,Loop 6-10s,UI thread; usar interpolateColors do Skia; pausar fora da tela,https://shopify.github.io/react-native-skia/docs/animations/animations
MO44,Haptics cross-platform,Expo,Haptics.selectionAsync / performAndroidHapticsAsync(AndroidHaptics.Confirm),Troca de aba; sucesso,Instantâneo,iOS ignora em Low Power Mode; Android sem Vibrator,https://docs.expo.dev/versions/v57.0.0/sdk/haptics/
MO45,Animação ilustrada com state machine,RN Rive,@rive-app/react-native RiveView + dataBind,Mascote; empty state; onboarding,Definido no arquivo .riv,Runtime Nitro: até ~94x mais rápido em multi-view (iOS),https://rive.app/docs/runtimes/react-native
