id,screen_type,check,detect,fix,source
SC01,formulario,Uma coluna por campo,Campos lado a lado que nao sao curtos e relacionados (cidade/estado/CEP),Uma linha por campo; so agrupe campos curtos relacionados,https://www.nngroup.com/articles/web-form-design/
SC02,formulario,Rotulo fora do campo,Placeholder usado como rotulo; rotulo some ao digitar,Rotulo visivel acima do campo o tempo todo inclusive no erro,https://www.nngroup.com/articles/form-design-placeholders/
SC03,formulario,Radio para 2 ou 3 opcoes,Dropdown com 2 ou 3 opcoes,Radio buttons visiveis,https://www.nngroup.com/articles/web-form-design/
SC04,formulario,Sem botao Limpar ou Reset,Botao Reset ou Limpar ao lado de Enviar,Remover; o risco de apagar tudo supera o uso,https://www.nngroup.com/articles/web-form-design/
SC05,formulario,Erro ao lado do campo e sem culpa,Erro so no topo ou so em vermelho; texto com invalido ou incorreto,Indicador junto do campo com icone e texto; diz como corrigir; preserva o digitado,https://www.nngroup.com/articles/error-message-guidelines/
SC06,formulario,Data digitavel,Data so por tres dropdowns ou so por calendario,Campo de texto que aceita separadores comuns mais calendario para datas ate 1 ano; mes por extenso,https://www.nngroup.com/articles/date-input/
SC07,formulario,Toggle com efeito imediato,Toggle dentro de formulario com botao Salvar,Toggle so quando aplica na hora; senao checkbox ou radio; rotulo afirmativo sem pergunta,https://www.nngroup.com/articles/toggle-switch-guidelines/
SC08,tabela,Primeira coluna identifica,Primeira coluna com ID gerado ou com dado que o humano nao reconhece,Nome ou identificador legivel na primeira coluna,https://www.nngroup.com/articles/data-tables/
SC09,tabela,Cabecalho congelado,Tabela maior que a tela sem header fixo,Congelar linha de cabecalho e primeira coluna quando rola nas duas direcoes,https://www.nngroup.com/articles/data-tables/
SC10,tabela,Edicao nao modal,Editar linha abre modal grande,Painel lateral nao modal ou pagina propria para edicao substancial,https://www.nngroup.com/articles/data-tables/
SC11,tabela,Selecao em lote,Acao em varias linhas sem checkbox nem Selecionar tudo,Checkbox por linha e Selecionar tudo quando a acao em massa for comum,https://www.nngroup.com/articles/data-tables/
SC12,tabela,Numero alinhado a direita,Colunas numericas alinhadas a esquerda ou centralizadas,Alinhar a direita com algarismos tabulares; cor so no delta,https://www.nngroup.com/articles/data-tables/
SC13,dashboard,Quantidade por comprimento ou posicao,Metrica expressa so por cor ou por area; pizza e 3D,Barras ou linhas; cor so reforca o que forma e posicao ja dizem,https://www.nngroup.com/articles/dashboards-preattentive/
SC14,dashboard,Barras ordenadas,Barras em ordem arbitraria,Ordem crescente ou decrescente salvo eixo temporal,https://www.nngroup.com/articles/dashboards-preattentive/
SC15,dashboard,Hierarquia enxuta,Mais de 2 cores primarias ou mais de 3 tamanhos de tipo ou mais de 2 elementos grandes,2 primarias e 2 secundarias; 3 tamanhos de tipo; 2 elementos de destaque,https://www.nngroup.com/articles/visual-hierarchy-ux-definition/
SC16,vazio,Estado vazio ensina,Tela em branco ou so Nenhum registro,Diz o que apareceria ali e como criar com botao direto,https://www.nngroup.com/articles/empty-state-interface-design/
SC17,vazio,Vazio nao e carregando,Nenhum registro aparece enquanto ainda carrega,Indicador de progresso durante a carga; mensagem de vazio so depois,https://www.nngroup.com/articles/empty-state-interface-design/
SC18,modal,Modal so para o critico,Modal para informacao nao essencial ou no meio de fluxo de alto risco,Nao modal ou inline; modal reservado a aviso importante e acao irreversivel,https://www.nngroup.com/articles/modal-nonmodal-dialog/
SC19,modal,Confirmacao especifica,Dialogo Tem certeza com botoes Sim e Nao; Sim como padrao,Texto diz o que acontece; botoes com o resultado (Excluir arquivo / Manter); padrao nunca e a acao destrutiva; para o resto desfazer,https://www.nngroup.com/articles/confirmation-dialog/
SC20,lista,Card so para heterogeneo,Grid de cards para itens iguais (posts produtos registros),Lista vertical para itens homogeneos; card inteiro clicavel; largura fixa,https://www.nngroup.com/articles/cards-component/
SC21,lista,Scroll infinito com saida,Scroll infinito onde o usuario precisa achar ou comparar itens; rodape inalcancavel,Paginacao ou botao Carregar mais; rodape acessivel; sinal de que ha mais,https://www.nngroup.com/articles/infinite-scrolling-tips/
SC22,busca,Busca como campo visivel,Busca escondida atras de icone ou link; campo estreito,Campo de texto no topo largo o bastante para a consulta tipica; presente em todas as paginas,https://www.nngroup.com/articles/search-visible-and-simple/
SC23,busca,Filtro com nome concreto,Categoria de filtro vaga (Tipo Outros) ou jargao interno,Nome especifico na lingua do usuario; gerais no topo; numericos em ordem; nomes em alfabetica,https://www.nngroup.com/articles/filter-categories-values/
SC24,navegacao,Tab bar de 3 a 5 destinos,Tab bar com mais de 5 itens ou com acao (Novo Enviar) misturada,3 a 5 destinos com icone e rotulo; acao vai para toolbar ou botao; nunca esconder aba sem conteudo,https://developer.apple.com/design/human-interface-guidelines/tab-bars
SC25,navegacao,Tab bar consistente,Tab bar some ou muda entre secoes,Mesmos destinos em todas as telas; some so sob modal temporario,https://developer.android.com/develop/ui/compose/components/navigation-bar
SC26,navegacao,Subnavegacao mobile por tamanho,Accordion com mais de 6 subitens ou pagina de categoria para 3 itens,Menos de 6 accordion; 6 a 15 menu de secao; mais de 15 pagina propria; distinguir nivel por indentacao,https://www.nngroup.com/articles/mobile-subnavigation/
SC27,navegacao,Breadcrumb e hierarquia,Breadcrumb mostrando historico ou em site de 1 ou 2 niveis; quebra em varias linhas no mobile,Hierarquia do site; pagina atual sem link por ultimo; mobile mostra so ultimos niveis,https://www.nngroup.com/articles/breadcrumbs/
SC28,navegacao,Header fixo pequeno e opaco,Header fixo alto translucido ou que some e volta com atraso,Header baixo opaco com contraste; movimento minimo; reaparecer em 300 a 400 ms,https://www.nngroup.com/articles/sticky-headers/
SC29,feedback,Progresso acima de 1 s,Acao de mais de 1 s sem indicador; loop acima de 10 s; aviso nao clique de novo,Indicador para mais de 1 s; porcentagem acima de 10 s; texto do que faz; o primeiro clique e confirmado,https://www.nngroup.com/articles/progress-indicators/
SC30,feedback,Icone com rotulo,Icone sem texto ou rotulo so no hover,Rotulo de texto sempre visivel ao lado do icone,https://www.nngroup.com/articles/icon-usability/
SC31,feedback,Tooltip nao guarda o essencial,Informacao necessaria a tarefa so em tooltip; tooltip cobrindo o alvo,Essencial na tela; tooltip com seta sem cobrir o elemento; acessivel por teclado,https://www.nngroup.com/articles/tooltip-guidelines/
SC32,onboarding,Ajuda dispensavel e contextual,Tutorial obrigatorio no primeiro uso explicando o obvio,Dispensar facil e recuperar depois; ajuda ao lado do passo; so para funcao complexa,https://www.nngroup.com/articles/onboarding-tutorials/
SC33,notificacao,Permissao depois do valor,Pedido de permissao de push na abertura; sem opcao de desligar no app,Pedir depois de usar explicando o que vira; preferencias em Configuracoes; agrupar acima de 5 numa so,https://www.nngroup.com/articles/push-notification/
SC34,configuracoes,Opcao so com beneficio real,Tela de ajustes com dezenas de opcoes e campo livre para valor com limite,Bom padrao para quem nao mexe; opcao so com ganho claro; controle com limites em vez de campo livre,https://media.nngroup.com/media/reports/free/Customization_Features_Done_Correctly.pdf
